{
  "bench_name": "idle_rss",
  "waitbus_version": "0.5.0",
  "started_at_ns": 1779252236494055860,
  "ended_at_ns": 1779252369720395398,
  "n_samples": 10,
  "n_warmup_discarded": 2,
  "rate_hz": 0.2,
  "percentiles_gc_enabled": {
    "p50": {
      "value_ns": 39682047,
      "ci_low_ns": 39682047,
      "ci_high_ns": 39682047,
      "ci_z": 1.959963984540054,
      "p_low_eff": 0.236593090512564,
      "p_high_eff": 0.7634069094874361
    },
    "p90": {
      "value_ns": 39682047,
      "ci_low_ns": 39682047,
      "ci_high_ns": 39682047,
      "ci_z": 1.959963984540054,
      "p_low_eff": 0.5958499732047615,
      "p_high_eff": 0.9
    },
    "p99": {
      "value_ns": 39682047,
      "ci_low_ns": 39682047,
      "ci_high_ns": 39682047,
      "ci_z": 1.959963984540054,
      "p_low_eff": 0.7082655015805023,
      "p_high_eff": 0.9
    }
  },
  "percentiles_gc_disabled": null,
  "clamp_stats_gc_enabled": {
    "low": 0,
    "high": 0
  },
  "clamp_stats_gc_disabled": null,
  "environment": {
    "hostname": "waitbus-bench-20260519-232017-112373e",
    "python_version": "3.12.3",
    "platform": "Linux 6.8.0-117-generic",
    "cpu_model": "AMD EPYC-Milan Processor",
    "cpu_governor": null,
    "aslr_disabled": true,
    "taskset_mask": "2,3",
    "waitbus_version": "0.5.0",
    "warnings": []
  },
  "extra": {
    "smoke": false,
    "unit": "bytes",
    "warmup_window_sec": 10.0,
    "waitbus_samples_bytes": [
      39657472,
      39657472,
      39657472,
      39657472,
      39657472,
      39657472,
      39657472,
      39657472,
      39657472,
      39657472
    ],
    "nats_samples_bytes": [
      2862612,
      2875195,
      2900361,
      2907701,
      2932867,
      2945449,
      2956984,
      2969567,
      2982150,
      2993684
    ],
    "nats_pinned_digest": "nats@sha256:b83efabe3e7def1e0a4a31ec6e078999bb17c80363f881df35edc70fcb6bb927",
    "nats_rss_median_bytes": 2934783,
    "nats_rss_p99_bytes": 2994175
  },
  "capture_note": "Frozen historical capture; version field reflects the pre-rename/pre-renumber project version (waitbus 0.5.0). Regenerate on the canonical bench hardware to refresh under waitbus 0.1.0."
}