{
  "bench_name": "notify_to_wake",
  "waitbus_version": "0.5.0",
  "started_at_ns": 1779243694048933089,
  "ended_at_ns": 1779243705154234981,
  "n_samples": 5000,
  "n_warmup_discarded": 500,
  "rate_hz": 1000.0,
  "percentiles_gc_enabled": {
    "p50": {
      "value_ns": 39135,
      "ci_low_ns": 39103,
      "ci_high_ns": 39167,
      "ci_z": 1.959963984540054,
      "p_low_eff": 0.48614628258320963,
      "p_high_eff": 0.5138537174167904
    },
    "p90": {
      "value_ns": 41343,
      "ci_low_ns": 41151,
      "ci_high_ns": 41503,
      "ci_z": 1.959963984540054,
      "p_low_eff": 0.8913750184255399,
      "p_high_eff": 0.9080108200184146
    },
    "p99": {
      "value_ns": 59487,
      "ci_low_ns": 57599,
      "ci_high_ns": 60671,
      "ci_z": 1.959963984540054,
      "p_low_eff": 0.9868414249077906,
      "p_high_eff": 0.9924062271860534
    }
  },
  "percentiles_gc_disabled": {
    "p50": {
      "value_ns": 40959,
      "ci_low_ns": 40959,
      "ci_high_ns": 40991,
      "ci_z": 1.959963984540054,
      "p_low_eff": 0.48614628258320963,
      "p_high_eff": 0.5138537174167904
    },
    "p90": {
      "value_ns": 42463,
      "ci_low_ns": 42431,
      "ci_high_ns": 42559,
      "ci_z": 1.959963984540054,
      "p_low_eff": 0.8913750184255399,
      "p_high_eff": 0.9080108200184146
    },
    "p99": {
      "value_ns": 52735,
      "ci_low_ns": 50655,
      "ci_high_ns": 54143,
      "ci_z": 1.959963984540054,
      "p_low_eff": 0.9868414249077906,
      "p_high_eff": 0.9924062271860534
    }
  },
  "clamp_stats_gc_enabled": {
    "low": 0,
    "high": 0
  },
  "clamp_stats_gc_disabled": {
    "low": 0,
    "high": 0
  },
  "environment": {
    "hostname": "waitbus-bench-20260519-232017-112373e",
    "python_version": "3.12.3",
    "platform": "Linux 6.8.0-117-generic",
    "cpu_model": "AMD EPYC-Milan Processor",
    "cpu_governor": null,
    "aslr_disabled": true,
    "taskset_mask": "2,3",
    "waitbus_version": "0.5.0",
    "warnings": []
  },
  "extra": {
    "smoke": false,
    "doorbell_mechanism": "eventfd"
  },
  "capture_note": "Frozen historical capture; version field reflects the pre-rename/pre-renumber project version (waitbus 0.5.0). Regenerate on the canonical bench hardware to refresh under waitbus 0.1.0."
}