{
  "bench_name": "polling_baseline_pytest",
  "waitbus_version": "0.5.0",
  "started_at_ns": 1779247607577644511,
  "ended_at_ns": 1779248707841738271,
  "n_samples": 500,
  "n_warmup_discarded": 50,
  "rate_hz": 0.0,
  "percentiles_gc_enabled": {
    "p50": {
      "value_ns": 535035903,
      "ci_low_ns": 475004927,
      "ci_high_ns": 582483967,
      "ci_z": 1.959963984540054,
      "p_low_eff": 0.4563412653024843,
      "p_high_eff": 0.5436587346975157
    },
    "p90": {
      "value_ns": 902299647,
      "ci_low_ns": 892862463,
      "ci_high_ns": 934281215,
      "ci_z": 1.959963984540054,
      "p_low_eff": 0.8705780903680599,
      "p_high_eff": 0.9233224372626984
    },
    "p99": {
      "value_ns": 992477183,
      "ci_low_ns": 970981375,
      "ci_high_ns": 997195775,
      "ci_z": 1.959963984540054,
      "p_low_eff": 0.9768069002442693,
      "p_high_eff": 0.9957212461034096
    }
  },
  "percentiles_gc_disabled": {
    "p50": {
      "value_ns": 519307263,
      "ci_low_ns": 493879295,
      "ci_high_ns": 565182463,
      "ci_z": 1.959963984540054,
      "p_low_eff": 0.4563412653024843,
      "p_high_eff": 0.5436587346975157
    },
    "p90": {
      "value_ns": 910163967,
      "ci_low_ns": 881852415,
      "ci_high_ns": 928514047,
      "ci_z": 1.959963984540054,
      "p_low_eff": 0.8705780903680599,
      "p_high_eff": 0.9233224372626984
    },
    "p99": {
      "value_ns": 986710015,
      "ci_low_ns": 975699967,
      "ci_high_ns": 996147199,
      "ci_z": 1.959963984540054,
      "p_low_eff": 0.9768069002442693,
      "p_high_eff": 0.9957212461034096
    }
  },
  "clamp_stats_gc_enabled": {
    "low": 0,
    "high": 0
  },
  "clamp_stats_gc_disabled": {
    "low": 0,
    "high": 0
  },
  "environment": {
    "hostname": "waitbus-bench-20260519-232017-112373e",
    "python_version": "3.12.3",
    "platform": "Linux 6.8.0-117-generic",
    "cpu_model": "AMD EPYC-Milan Processor",
    "cpu_governor": null,
    "aslr_disabled": true,
    "taskset_mask": "2,3",
    "waitbus_version": "0.5.0",
    "warnings": []
  },
  "extra": {
    "smoke": false,
    "poll_interval_s": 1.0,
    "method": "os.stat(report.xml).st_mtime_ns",
    "scope_note": "polling counterfactual; no waitbus daemon involved; latency floor is poll_interval_s"
  },
  "capture_note": "Frozen historical capture; version field reflects the pre-rename/pre-renumber project version (waitbus 0.5.0). Regenerate on the canonical bench hardware to refresh under waitbus 0.1.0."
}