{
  "bench_name": "polling_baseline_docker",
  "waitbus_version": "0.5.0",
  "started_at_ns": 1779248710381280268,
  "ended_at_ns": 1779251125315242271,
  "n_samples": 500,
  "n_warmup_discarded": 20,
  "rate_hz": 0.0,
  "percentiles_gc_enabled": {
    "p50": {
      "value_ns": 2074083327,
      "ci_low_ns": 2073034751,
      "ci_high_ns": 2074083327,
      "ci_z": 1.959963984540054,
      "p_low_eff": 0.4563412653024843,
      "p_high_eff": 0.5436587346975157
    },
    "p90": {
      "value_ns": 2077229055,
      "ci_low_ns": 2076180479,
      "ci_high_ns": 2077229055,
      "ci_z": 1.959963984540054,
      "p_low_eff": 0.8705780903680599,
      "p_high_eff": 0.9233224372626984
    },
    "p99": {
      "value_ns": 2079326207,
      "ci_low_ns": 2078277631,
      "ci_high_ns": 2080374783,
      "ci_z": 1.959963984540054,
      "p_low_eff": 0.9768069002442693,
      "p_high_eff": 0.9957212461034096
    }
  },
  "percentiles_gc_disabled": {
    "p50": {
      "value_ns": 2074083327,
      "ci_low_ns": 2073034751,
      "ci_high_ns": 2074083327,
      "ci_z": 1.959963984540054,
      "p_low_eff": 0.4563412653024843,
      "p_high_eff": 0.5436587346975157
    },
    "p90": {
      "value_ns": 2077229055,
      "ci_low_ns": 2076180479,
      "ci_high_ns": 2077229055,
      "ci_z": 1.959963984540054,
      "p_low_eff": 0.8705780903680599,
      "p_high_eff": 0.9233224372626984
    },
    "p99": {
      "value_ns": 2080374783,
      "ci_low_ns": 2079326207,
      "ci_high_ns": 2080374783,
      "ci_z": 1.959963984540054,
      "p_low_eff": 0.9768069002442693,
      "p_high_eff": 0.9957212461034096
    }
  },
  "clamp_stats_gc_enabled": {
    "low": 0,
    "high": 0
  },
  "clamp_stats_gc_disabled": {
    "low": 0,
    "high": 0
  },
  "environment": {
    "hostname": "waitbus-bench-20260519-232017-112373e",
    "python_version": "3.12.3",
    "platform": "Linux 6.8.0-117-generic",
    "cpu_model": "AMD EPYC-Milan Processor",
    "cpu_governor": null,
    "aslr_disabled": true,
    "taskset_mask": "2,3",
    "waitbus_version": "0.5.0",
    "warnings": []
  },
  "extra": {
    "smoke": false,
    "poll_interval_s": 1.0,
    "container_sleep_s": 1.5,
    "method": "docker ps -a --filter id=<id> --format {{.Status}}",
    "scope_note": "polling counterfactual; no waitbus daemon involved; latency includes container runtime + polling-cycle overshoot"
  },
  "capture_note": "Frozen historical capture; version field reflects the pre-rename/pre-renumber project version (waitbus 0.5.0). Regenerate on the canonical bench hardware to refresh under waitbus 0.1.0."
}