{
  "bench_name": "polling_baseline_fs_inotifywait",
  "waitbus_version": "0.5.0",
  "started_at_ns": 1779252230850954673,
  "ended_at_ns": 1779252233819850553,
  "n_samples": 500,
  "n_warmup_discarded": 50,
  "rate_hz": 0.0,
  "percentiles_gc_enabled": {
    "p50": {
      "value_ns": 48799,
      "ci_low_ns": 48415,
      "ci_high_ns": 49183,
      "ci_z": 1.959963984540054,
      "p_low_eff": 0.4563412653024843,
      "p_high_eff": 0.5436587346975157
    },
    "p90": {
      "value_ns": 56959,
      "ci_low_ns": 55263,
      "ci_high_ns": 59391,
      "ci_z": 1.959963984540054,
      "p_low_eff": 0.8705780903680599,
      "p_high_eff": 0.9233224372626984
    },
    "p99": {
      "value_ns": 116351,
      "ci_low_ns": 111551,
      "ci_high_ns": 128447,
      "ci_z": 1.959963984540054,
      "p_low_eff": 0.9768069002442693,
      "p_high_eff": 0.9957212461034096
    }
  },
  "percentiles_gc_disabled": {
    "p50": {
      "value_ns": 114239,
      "ci_low_ns": 113343,
      "ci_high_ns": 114943,
      "ci_z": 1.959963984540054,
      "p_low_eff": 0.4563412653024843,
      "p_high_eff": 0.5436587346975157
    },
    "p90": {
      "value_ns": 131967,
      "ci_low_ns": 129343,
      "ci_high_ns": 136063,
      "ci_z": 1.959963984540054,
      "p_low_eff": 0.8705780903680599,
      "p_high_eff": 0.9233224372626984
    },
    "p99": {
      "value_ns": 156287,
      "ci_low_ns": 148095,
      "ci_high_ns": 181759,
      "ci_z": 1.959963984540054,
      "p_low_eff": 0.9768069002442693,
      "p_high_eff": 0.9957212461034096
    }
  },
  "clamp_stats_gc_enabled": {
    "low": 0,
    "high": 0
  },
  "clamp_stats_gc_disabled": {
    "low": 0,
    "high": 0
  },
  "environment": {
    "hostname": "waitbus-bench-20260519-232017-112373e",
    "python_version": "3.12.3",
    "platform": "Linux 6.8.0-117-generic",
    "cpu_model": "AMD EPYC-Milan Processor",
    "cpu_governor": null,
    "aslr_disabled": true,
    "taskset_mask": "2,3",
    "waitbus_version": "0.5.0",
    "warnings": []
  },
  "extra": {
    "smoke": false,
    "inject_jitter_s": 0.005,
    "method": "inotifywait -m -e attrib",
    "inotifywait_path": "/usr/bin/inotifywait",
    "scope_note": "event-driven baseline; no waitbus daemon involved; no polling-interval floor; waitbus value-add over inotifywait is feature-set not latency"
  },
  "capture_note": "Frozen historical capture; version field reflects the pre-rename/pre-renumber project version (waitbus 0.5.0). Regenerate on the canonical bench hardware to refresh under waitbus 0.1.0."
}