{
  "bench_name": "ttfae_pytest",
  "waitbus_version": "0.5.0",
  "started_at_ns": 1779243710930989360,
  "ended_at_ns": 1779243820943585812,
  "n_samples": 5000,
  "n_warmup_discarded": 500,
  "rate_hz": 100.0,
  "percentiles_gc_enabled": {
    "p50": {
      "value_ns": 6193151,
      "ci_low_ns": 6184959,
      "ci_high_ns": 6205439,
      "ci_z": 1.959963984540054,
      "p_low_eff": 0.48614628258320963,
      "p_high_eff": 0.5138537174167904
    },
    "p90": {
      "value_ns": 6750207,
      "ci_low_ns": 6721535,
      "ci_high_ns": 6774783,
      "ci_z": 1.959963984540054,
      "p_low_eff": 0.8913750184255399,
      "p_high_eff": 0.9080108200184146
    },
    "p99": {
      "value_ns": 7401471,
      "ci_low_ns": 7323647,
      "ci_high_ns": 7467007,
      "ci_z": 1.959963984540054,
      "p_low_eff": 0.9868414249077906,
      "p_high_eff": 0.9924062271860534
    }
  },
  "percentiles_gc_disabled": {
    "p50": {
      "value_ns": 3739647,
      "ci_low_ns": 3727359,
      "ci_high_ns": 3760127,
      "ci_z": 1.959963984540054,
      "p_low_eff": 0.48614628258320963,
      "p_high_eff": 0.5138537174167904
    },
    "p90": {
      "value_ns": 6569983,
      "ci_low_ns": 6541311,
      "ci_high_ns": 6594559,
      "ci_z": 1.959963984540054,
      "p_low_eff": 0.8913750184255399,
      "p_high_eff": 0.9080108200184146
    },
    "p99": {
      "value_ns": 7282687,
      "ci_low_ns": 7229439,
      "ci_high_ns": 7380991,
      "ci_z": 1.959963984540054,
      "p_low_eff": 0.9868414249077906,
      "p_high_eff": 0.9924062271860534
    }
  },
  "clamp_stats_gc_enabled": {
    "low": 0,
    "high": 0
  },
  "clamp_stats_gc_disabled": {
    "low": 0,
    "high": 0
  },
  "environment": {
    "hostname": "waitbus-bench-20260519-232017-112373e",
    "python_version": "3.12.3",
    "platform": "Linux 6.8.0-117-generic",
    "cpu_model": "AMD EPYC-Milan Processor",
    "cpu_governor": null,
    "aslr_disabled": true,
    "taskset_mask": "2,3",
    "waitbus_version": "0.5.0",
    "warnings": []
  },
  "extra": {
    "smoke": false
  },
  "capture_note": "Frozen historical capture; version field reflects the pre-rename/pre-renumber project version (waitbus 0.5.0). Regenerate on the canonical bench hardware to refresh under waitbus 0.1.0."
}