{
  "bench_name": "ttfae_github",
  "waitbus_version": "0.5.0",
  "started_at_ns": 1779244175523675947,
  "ended_at_ns": 1779244286047040871,
  "n_samples": 5000,
  "n_warmup_discarded": 500,
  "rate_hz": 100.0,
  "percentiles_gc_enabled": {
    "p50": {
      "value_ns": 6991871,
      "ci_low_ns": 6987775,
      "ci_high_ns": 7000063,
      "ci_z": 1.959963984540054,
      "p_low_eff": 0.48614628258320963,
      "p_high_eff": 0.5138537174167904
    },
    "p90": {
      "value_ns": 7254015,
      "ci_low_ns": 7245823,
      "ci_high_ns": 7266303,
      "ci_z": 1.959963984540054,
      "p_low_eff": 0.8913750184255399,
      "p_high_eff": 0.9080108200184146
    },
    "p99": {
      "value_ns": 7413759,
      "ci_low_ns": 7401471,
      "ci_high_ns": 7438335,
      "ci_z": 1.959963984540054,
      "p_low_eff": 0.9868414249077906,
      "p_high_eff": 0.9924062271860534
    }
  },
  "percentiles_gc_disabled": {
    "p50": {
      "value_ns": 5038079,
      "ci_low_ns": 4988927,
      "ci_high_ns": 5062655,
      "ci_z": 1.959963984540054,
      "p_low_eff": 0.48614628258320963,
      "p_high_eff": 0.5138537174167904
    },
    "p90": {
      "value_ns": 7233535,
      "ci_low_ns": 7225343,
      "ci_high_ns": 7245823,
      "ci_z": 1.959963984540054,
      "p_low_eff": 0.8913750184255399,
      "p_high_eff": 0.9080108200184146
    },
    "p99": {
      "value_ns": 7413759,
      "ci_low_ns": 7397375,
      "ci_high_ns": 7430143,
      "ci_z": 1.959963984540054,
      "p_low_eff": 0.9868414249077906,
      "p_high_eff": 0.9924062271860534
    }
  },
  "clamp_stats_gc_enabled": {
    "low": 0,
    "high": 0
  },
  "clamp_stats_gc_disabled": {
    "low": 0,
    "high": 0
  },
  "environment": {
    "hostname": "waitbus-bench-20260519-232017-112373e",
    "python_version": "3.12.3",
    "platform": "Linux 6.8.0-117-generic",
    "cpu_model": "AMD EPYC-Milan Processor",
    "cpu_governor": null,
    "aslr_disabled": true,
    "taskset_mask": "2,3",
    "waitbus_version": "0.5.0",
    "warnings": []
  },
  "extra": {
    "smoke": false,
    "scope_note": "t=0 is listener entry (WebhookHandler.do_POST), not the GitHub-to-listener network leg"
  },
  "capture_note": "Frozen historical capture; version field reflects the pre-rename/pre-renumber project version (waitbus 0.5.0). Regenerate on the canonical bench hardware to refresh under waitbus 0.1.0."
}